,Price,rooms,price_per_m2,level,levels,year,area_total,area_living,area_kitchen,street,type,district,area_comfort
0,140000.0,2,2258.0,7,9,1969,62.0,47.0,9.0,Омеляновича-Павленка,,,6.0
1,105000.0,4,847.0,25,26,2018,124.0,71.0,16.0,,,,37.0
2,175000.0,3,1786.0,25,26,2010,98.0,,,Ованеса Туманяна,,,
3,30970.0,1,1106.0,12,13,2013,28.0,13.0,5.0,Петропавлівська,площа,Оболонський,10.0
3,30970.0,1,1106.0,12,13,2013,28.0,13.0,5.0,Петропавлівська,вулиця,Подільський,10.0
4,82000.0,2,1281.0,18,26,None,64.0,,,Дніпровська,вулиця,Оболонський,
5,168535.7,3,1872.6,4,9,1966,90.0,45.0,10.0,Саксаганського,вулиця,"Голосіївський, Печерський, Шевченківський",35.0
6,4500000.0,4,14610.0,18,21,2011,308.0,,,Івана Мазепи,,,
7,135000.0,2,2077.0,16,23,2012,65.0,25.0,18.0,Дніпровська,вулиця,Оболонський,22.0
8,120000.0,1,2500.0,8,25,2012,48.0,18.0,16.0,Ділова,вулиця,"Голосіївський, Печерський",14.0
9,57500.0,3,625.0,9,9,1970,92.0,,,Новодарницька,,,
10,98000.0,2,1633.0,21,34,2014,60.0,41.0,27.0,Ревуцького,вулиця,Дарницький,-8.0
11,170000.0,3,1735.0,16,22,2018,98.0,48.0,35.0,Липківського,,,15.0
12,320000.0,5,1963.0,23,25,2017,163.0,100.0,14.0,Бендукідзе,,,49.0
13,65000.0,1,2600.0,1,3,None,25.0,20.0,3.0,Введенська,вулиця,Подільський,2.0
14,125000.0,2,2778.0,6,9,1965,45.0,,,Виноградний,провулок,Печерський,
15,48000.0,1,849.0,22,25,None,,40.0,10.0,Кайсарова,вулиця,"Голосіївський,Солом'янський",
16,70000.0,1,1273.0,26,27,2004,55.0,22.0,12.0,Ахматової,,,21.0
17,75000.0,3,1005.0,4,26,None,,,,Радченка,,,
18,84000.0,2,1273.0,6,26,None,66.0,,18.0,Дніпровська,вулиця,Оболонський,
19,175000.0,1,1725.8,7,25,2012,,,,Ділова,вулиця,"Голосіївський, Печерський",
20,63000.0,3,900.0,7,10,1987,70.0,44.0,,Бориспільська,вулиця,Дарницький,
21,390000.0,3,3000.0,11,28,2013,130.0,48.0,66.0,Болсуновська,вулиця,Печерський,16.0
22,335000.0,3,3160.0,24,28,2017,106.0,55.0,24.0,Українки,,,27.0
23,320000.0,3,3137.0,15,24,2016,102.0,70.0,20.0,Антонова,,,12.0
24,140000.0,2,2258.0,7,9,1969,62.0,47.0,9.0,Омеляновича-Павленка,,,6.0
25,105000.0,4,847.0,25,26,2018,124.0,71.0,16.0,,,,37.0
26,175000.0,3,1786.0,25,26,2010,98.0,,,Ованеса Туманяна,,,
27,30970.0,1,1106.0,12,13,2013,28.0,13.0,5.0,Петропавлівська,площа,Оболонський,10.0
27,30970.0,1,1106.0,12,13,2013,28.0,13.0,5.0,Петропавлівська,вулиця,Подільський,10.0
28,82000.0,2,1281.0,18,26,None,64.0,,,Дніпровська,вулиця,Оболонський,
29,168535.7,3,1872.6,4,9,1966,90.0,45.0,10.0,Саксаганського,вулиця,"Голосіївський, Печерський, Шевченківський",35.0
30,4500000.0,4,14610.0,18,21,2011,308.0,,,Івана Мазепи,,,
31,135000.0,2,2077.0,16,23,2012,65.0,25.0,18.0,Дніпровська,вулиця,Оболонський,22.0
32,120000.0,1,2500.0,8,25,2012,48.0,18.0,16.0,Ділова,вулиця,"Голосіївський, Печерський",14.0
33,57500.0,3,625.0,9,9,1970,92.0,,,Новодарницька,,,
34,98000.0,2,1633.0,21,34,2014,60.0,41.0,27.0,Ревуцького,вулиця,Дарницький,-8.0
35,170000.0,3,1735.0,16,22,2018,98.0,48.0,35.0,Липківського,,,15.0
36,320000.0,5,1963.0,23,25,2017,163.0,100.0,14.0,Бендукідзе,,,49.0
37,65000.0,1,2600.0,1,3,None,25.0,20.0,3.0,Введенська,вулиця,Подільський,2.0
38,125000.0,2,2778.0,6,9,1965,45.0,,,Виноградний,провулок,Печерський,
39,48000.0,1,849.0,22,25,None,,40.0,10.0,Кайсарова,вулиця,"Голосіївський,Солом'янський",
40,70000.0,1,1273.0,26,27,2004,55.0,22.0,12.0,Ахматової,,,21.0
41,75000.0,3,1005.0,4,26,None,,,,Радченка,,,
42,84000.0,2,1273.0,6,26,None,66.0,,18.0,Дніпровська,вулиця,Оболонський,
43,175000.0,1,1725.8,7,25,2012,,,,Ділова,вулиця,"Голосіївський, Печерський",
44,63000.0,3,900.0,7,10,1987,70.0,44.0,,Бориспільська,вулиця,Дарницький,
45,390000.0,3,3000.0,11,28,2013,130.0,48.0,66.0,Болсуновська,вулиця,Печерський,16.0
46,335000.0,3,3160.0,24,28,2017,106.0,55.0,24.0,Українки,,,27.0
47,320000.0,3,3137.0,15,24,2016,102.0,70.0,20.0,Антонова,,,12.0
48,118000.0,2,1311.0,15,25,1959,90.0,41.0,13.0,Науки,проспект,Голосіївський,36.0
49,159990.0,4,1437.0,6,10,2016,,,30.0,Метрологічна,вулиця,Голосіївський,
50,85000.0,3,1417.0,2,5,1961,60.0,44.0,6.0,Дружби Народів,бульвар,Печерський,10.0
51,155022.2,1,2541.3,None,None,None,61.0,,,*** not found,,,
52,590000.0,3,5900.0,None,None,None,100.0,,,Драгомирова,,,
53,84000.0,2,1333.0,2,16,2016,63.0,32.0,15.0,Данченка,,,16.0
54,35000.0,2,778.0,1,2,None,45.0,,,Кримська,вулиця,Голосіївський,
55,63000.0,2,969.0,4,25,None,65.0,31.0,13.0,Новопольова,вулиця,Солом'янський,21.0
56,40000.0,2,870.0,3,5,1963,46.0,30.0,8.0,Туполєва,,,8.0
57,42654.8,1,1375.9,None,None,None,31.0,,,*** not found,,,
58,60000.0,1,1463.0,2,26,None,41.0,,,Дніпровська,вулиця,Оболонський,
59,130000.0,2,1625.0,6,25,2010,80.0,,14.0,Перемоги,площа,Шевченківський,
59,130000.0,2,1625.0,6,25,2010,80.0,,14.0,Перемоги,проспект,"Шевченківський, Святошинський, Солом'янський",
59,130000.0,2,1625.0,6,25,2010,80.0,,14.0,Перемоги,вулиця,Святошинський,
60,346500.0,2,4500.0,7,24,2019,77.0,38.0,20.0,Івана Федорова,,,19.0
61,46998.0,2,1000.0,5,5,1968,47.0,35.0,8.0,Братиславська,вулиця,"Деснянський, Дніпровський",4.0
62,10092.1,1,672.8,None,None,None,15.0,,,*** not found,,,
63,29256.6,1,978.5,1,5,None,,,,Червоноткацька,,,
64,166000.0,1,3532.0,2,9,None,47.0,22.0,16.0,Златоустівська,,,9.0
65,115000.0,4,1369.0,5,9,1970,84.0,35.0,9.0,Бойченка,,,40.0
66,298000.0,3,2249.0,11,23,2016,,,,Трускавецька,вулиця,Дарницький,
67,43100.0,1,1390.0,8,26,2018,31.0,16.0,5.0,Каховська,вулиця,Дніпровський,10.0
68,179900.0,4,1475.0,19,27,2010,122.0,,,Лобановського,,,
69,96255.3,1,1504.0,None,None,None,64.0,,,*** not found,,,
70,56500.0,3,926.0,6,9,1970,61.0,40.0,7.0,Курчатова,,,14.0
71,110000.0,1,1930.0,19,25,2008,57.0,,,Голосіївська,площа,Голосіївський,
71,110000.0,1,1930.0,19,25,2008,57.0,,,Голосіївська,вулиця,Голосіївський,
72,47000.0,1,1146.0,5,16,1990,41.0,10.0,16.0,Тираспольська,вулиця,Подільський,15.0
73,90000.0,2,2195.0,1,9,None,41.0,28.0,6.0,Лаврська,вулиця,Печерський,7.0
74,44980.0,1,1249.0,19,25,2017,36.0,16.0,14.0,Правди,проспект,Подільський,6.0
75,58000.0,4,921.0,5,9,1968,63.0,40.0,7.0,Миколайчука,,,16.0
76,63000.0,3,863.0,5,9,1982,73.0,41.0,9.0,Порика,,,23.0
77,29256.6,1,978.5,1,5,None,,,,Червоноткацька,,,
78,136000.0,1,3022.0,6,23,2015,45.0,15.0,17.0,Маккейна,,,13.0
79,73860.0,2,1319.0,5,9,None,56.0,30.0,9.0,Йорданська,вулиця,Оболонський,17.0
80,160000.0,2,2712.0,18,24,2019,59.0,,20.0,Тютюнника,,,
81,135000.0,3,1588.0,8,10,2015,85.0,49.0,12.0,Регенераторна,вулиця,Дніпровський,24.0
82,120000.0,1,2400.0,12,23,2015,50.0,18.0,15.0,Зарічна,вулиця,Дарницький,17.0
83,58990.0,1,1450.0,3,34,None,,16.0,10.0,Заболотного,,,
84,90000.0,4,1059.0,4,10,1994,85.0,,,Курнатовського,вулиця,"Дніпровський, Деснянський",
85,187000.0,3,None,2,5,1934,,,,Інститутська,вулиця,Печерський,
86,88000.0,2,1222.0,16,25,2020,72.0,,15.0,Маланюка,,,
87,102000.0,2,1619.0,10,16,2019,63.0,26.0,22.0,Гречка,,,15.0
88,110000.0,1,1833.0,14,24,2018,60.0,21.0,15.0,Липківського,,,24.0
89,160000.0,2,3077.0,3,24,2015,52.0,13.0,18.0,Маккейна,,,21.0
90,225000.0,5,1500.0,23,24,2008,150.0,78.0,18.0,Григоренка,,,54.0
91,75000.0,2,1562.0,4,9,1966,48.0,30.0,7.0,Коновальця,,,11.0
92,59860.0,3,798.0,3,9,None,75.0,40.0,9.0,Закревського,,,26.0
93,43161.0,2,732.0,13,18,None,59.0,30.0,16.0,*** not found,,,13.0
94,140000.0,2,1842.0,13,18,1991,76.0,39.0,,Старонаводницька,вулиця,Печерський,
95,78000.0,1,1418.0,7,26,None,55.0,15.0,18.0,Маланюка,,,22.0
96,230000.0,2,2771.0,6,7,1915,83.0,45.0,11.0,Заньковецької,вулиця,Печерський,27.0
97,178000.0,2,2373.0,2,16,None,75.0,,21.0,Кудрявська,вулиця,Шевченківський,
98,63000.0,3,900.0,23,23,None,70.0,35.0,14.0,,,,21.0
99,495000.0,3,4420.0,11,32,2017,112.0,45.0,54.0,Українки,,,13.0
100,45900.0,2,478.0,31,34,None,96.0,62.0,16.0,,,,18.0
101,33000.0,1,1000.0,14,24,None,33.0,16.0,5.0,Милославська,вулиця,Деснянський,12.0
102,66500.0,3,1147.0,3,5,1961,58.0,42.0,7.0,Донця,,,9.0
103,119900.0,3,1462.0,8,12,2002,82.0,48.0,14.0,Верховинця,,,20.0
104,145000.0,4,1381.0,1,9,1977,105.0,80.0,12.0,Героїв Дніпра,вулиця,Оболонський,13.0
105,118000.0,3,1494.0,17,25,2018,79.0,36.0,35.0,Каховська,вулиця,Дніпровський,8.0
106,41000.0,1,1323.0,21,26,2018,31.0,12.0,8.0,Каховська,вулиця,Дніпровський,11.0
107,59899.0,2,1070.0,8,10,1995,56.0,34.0,8.0,Вишняківська,вулиця,Дарницький,14.0
108,177000.0,2,2565.0,3,4,None,69.0,41.0,8.0,Липська,,,20.0
109,63000.0,1,1286.0,11,25,2019,49.0,16.0,16.0,Сверстюка,,,17.0
110,499000.0,3,4229.0,None,None,None,118.0,,,Драгомирова,,,
111,49500.0,1,1269.0,19,26,None,39.0,17.0,11.0,Причальна,вулиця,Дарницький,11.0
112,275000.0,2,4435.0,22,28,2013,62.0,30.0,20.0,Болсуновська,вулиця,Печерський,12.0
113,93000.0,3,1336.0,13,14,1994,,48.0,,Повітрофлотський,проспект,"Шевченківський, Солом'янський",
114,87500.0,2,1306.0,20,25,2015,67.0,37.0,14.0,Драгоманова,вулиця,Дарницький,16.0
115,110000.0,3,1325.0,4,24,2008,83.0,,30.0,Григоренка,,,
116,900000.0,4,3600.0,23,24,2012,250.0,,,Дніпровська,вулиця,Оболонський,
117,86000.0,1,2205.0,3,8,2014,39.0,,,Жабаєва,,,
118,335000.0,3,2577.0,9,14,2014,130.0,60.0,60.0,Філатова,,,10.0
119,67000.0,2,971.0,3,26,2021,69.0,25.0,21.0,Правди,проспект,Подільський,23.0
120,90000.0,2,1800.0,4,4,1896,50.0,,6.0,Малопідвальна,вулиця,Шевченківський,
121,101500.0,1,2307.0,8,11,None,44.0,22.0,13.0,Бойчука,,,9.0
122,104000.0,3,1169.0,18,26,None,89.0,,40.0,Зарічна,вулиця,Дарницький,
123,190000.0,2,3167.0,9,21,2017,60.0,,25.0,Предславинська,вулиця,Печерський,
124,3600000.0,6,8000.0,25,25,2011,450.0,288.0,45.0,Івана Мазепи,,,117.0
125,63000.0,2,1033.0,10,26,None,61.0,28.0,12.0,Радченка,,,21.0
126,680000.0,7,2369.0,21,21,2010,287.0,177.0,,Лабораторний,провулок,Печерський,
127,139000.0,2,1829.0,20,21,2018,76.0,31.0,19.0,Конєва,,,26.0
128,347700.0,4,1900.0,4,25,2011,183.0,100.0,17.0,Шаповала,,,66.0
129,85000.0,2,1328.0,4,24,None,64.0,30.0,20.0,Дніпровська,вулиця,Оболонський,14.0
130,35600.0,1,989.0,10,26,None,36.0,15.0,12.0,Клеманська,вулиця,Дарницький,9.0
131,85000.0,3,1133.0,9,15,1999,75.0,42.0,8.0,Григоренка,,,25.0
132,46000.0,1,1022.0,4,5,1963,45.0,,10.0,Туполєва,,,
133,125000.0,2,2358.0,3,4,1860,53.0,42.0,5.0,Хмельницького,,,6.0
134,530000.0,3,3926.0,4,15,2017,135.0,50.0,40.0,Саперне Поле,вулиця,Печерський,45.0
135,229000.0,3,2140.0,7,25,2007,107.0,50.0,,Героїв Сталінграда,проспект,Оболонський,
136,117000.0,3,1401.0,14,26,None,,,,Дніпровська,вулиця,Оболонський,
137,110000.0,2,2000.0,3,9,1971,55.0,,,Тарасівська,вулиця,Голосіївський,
138,92900.0,3,1021.0,4,5,1956,91.0,56.0,11.0,Краківська,вулиця,Дніпровський,24.0
139,77500.0,1,1845.0,5,9,2018,42.0,17.0,15.0,Юнацька,вулиця,Святошинський,10.0
139,77500.0,1,1845.0,5,9,2018,42.0,17.0,15.0,Юнацька,вулиця,Солом'янський,10.0
140,40500.0,1,1067.0,4,26,None,,,,Клеманська,вулиця,Дарницький,
141,136000.0,3,1462.0,2,16,1998,93.0,50.0,28.0,Героїв Сталінграда,проспект,Оболонський,15.0
142,499000.0,3,4229.0,None,None,None,118.0,,,Драгомирова,,,
143,220000.0,2,2619.0,3,8,1948,84.0,52.0,13.0,*** not found,,,19.0
144,125000.0,3,1147.0,23,26,2011,109.0,83.0,16.0,Драгоманова,вулиця,Дарницький,10.0
145,100000.0,2,1818.0,None,None,1958,55.0,,,Українки,,,
146,80000.0,1,2581.0,22,25,2018,31.0,14.0,14.0,Тимошенка,,,3.0
147,57000.0,3,851.0,5,9,1985,67.0,,,Маяковського,вулиця,Деснянський,
148,170000.0,2,1932.0,3,9,2005,88.0,44.0,22.0,Дмитрівська,вулиця,Шевченківський,22.0
148,170000.0,2,1932.0,3,9,2005,88.0,44.0,22.0,Дмитрівська,вулиця,Подільський,22.0
149,59750.0,2,996.0,14,15,1980,60.0,53.0,10.0,Курбаса,,,-3.0
150,42678.6,1,1094.3,16,16,None,39.0,12.0,14.0,Комарова,,,13.0
151,92000.0,2,1227.0,2,25,2015,75.0,38.0,15.0,Драгоманова,вулиця,Дарницький,22.0
152,115000.0,2,1597.0,4,32,2019,72.0,,14.0,Драгомирова,,,
153,54000.0,1,1227.0,18,25,2019,44.0,,,Моторний,,,
154,45500.0,1,929.0,2,9,1995,49.0,14.0,24.0,Милославська,вулиця,Деснянський,11.0
155,91500.0,1,2288.0,11,11,2020,40.0,20.0,12.0,Бойчука,,,8.0
156,60500.0,3,818.0,4,9,1990,74.0,,,Закревського,,,
157,250000.0,1,4630.0,7,25,2019,54.0,15.0,20.0,Івана Федорова,,,19.0
158,78000.0,2,1773.0,3,9,1966,44.0,,,Філатова,,,
159,130000.0,2,1625.0,6,25,2010,80.0,,14.0,Перемоги,площа,Шевченківський,
159,130000.0,2,1625.0,6,25,2010,80.0,,14.0,Перемоги,проспект,"Шевченківський, Святошинський, Солом'янський",
159,130000.0,2,1625.0,6,25,2010,80.0,,14.0,Перемоги,вулиця,Святошинський,
160,84999.0,4,885.0,7,16,1986,96.0,,13.0,Миропільська,вулиця,"Деснянський, Дніпровський",
161,83000.0,3,856.0,1,22,2007,97.0,65.0,14.0,Григоренка,,,18.0
162,129999.0,2,2063.0,6,9,2018,63.0,30.0,15.0,Юнацька,вулиця,Святошинський,18.0
162,129999.0,2,2063.0,6,9,2018,63.0,30.0,15.0,Юнацька,вулиця,Солом'янський,18.0
163,70000.0,3,729.0,4,4,1946,96.0,,,Вишгородська,вулиця,"Подільський, Оболонський",
164,36000.0,1,1200.0,5,9,None,30.0,13.0,10.0,Жолудєва,вулиця,Святошинський,7.0
165,210000.0,3,1409.0,7,12,2001,149.0,87.0,16.0,Павлівська,вулиця,Шевченківський,46.0
166,85900.0,3,1263.0,6,8,1964,68.0,47.0,6.0,Голосіївський,проспект,Голосіївський,15.0
166,85900.0,3,1263.0,6,8,1964,68.0,47.0,6.0,Голосіївський,провулок,Голосіївський,15.0
167,108000.0,1,2160.0,2,25,2019,50.0,30.0,10.0,Осокорська,вулиця,Дарницький,10.0
168,120000.0,3,1395.0,10,24,None,86.0,40.0,17.0,Вишгородська,вулиця,"Подільський, Оболонський",29.0
169,221000.0,2,3400.0,8,10,None,65.0,,,Драгомирова,,,
170,60000.0,1,1818.0,5,5,1962,33.0,,16.0,Тютюнника,,,
171,165000.0,2,2845.0,6,24,2015,58.0,25.0,22.0,Маккейна,,,11.0
172,200000.0,5,1481.0,4,4,1917,135.0,,,Івана Мазепи,,,
173,145000.0,2,1933.0,5,24,2007,75.0,44.0,14.0,Героїв Сталінграда,проспект,Оболонський,17.0
174,199000.0,3,2488.0,2,25,2018,80.0,33.0,22.0,Липківського,,,25.0
175,186117.4,1,3579.2,None,None,None,52.0,,,*** not found,,,
176,199000.0,2,2073.0,10,25,2005,96.0,43.0,16.0,Коновальця,,,37.0
177,50700.0,1,1300.0,6,14,2019,39.0,25.0,8.0,Максимовича,вулиця,Святошинський,6.0
178,185000.0,2,2256.0,5,21,2015,82.0,61.0,12.0,Зарічна,вулиця,Дарницький,9.0
179,152000.0,2,1667.0,24,25,2008,,41.0,,Голосіївська,площа,Голосіївський,
179,152000.0,2,1667.0,24,25,2008,,41.0,,Голосіївська,вулиця,Голосіївський,
180,92000.0,3,965.0,1,25,None,,48.0,16.0,Ясинуватський,провулок,Голосіївський,
181,49387.4,1,881.9,None,None,None,56.0,,,*** not found,,,
182,56500.0,1,1749.0,5,7,2019,,21.0,5.0,Колоса,,,
183,80000.0,1,2105.0,11,21,2017,38.0,12.0,15.0,Правди,проспект,Подільський,11.0
184,480000.0,4,2609.0,5,6,1915,184.0,108.0,34.0,Велика Васильківська,вулиця,"Голосіївський, Шевченківський, Печерський",42.0
185,59000.0,2,1157.0,2,12,1981,51.0,,,Голосіївський,проспект,Голосіївський,
185,59000.0,2,1157.0,2,12,1981,51.0,,,Голосіївський,провулок,Голосіївський,
186,149632.1,1,3183.6,None,None,None,47.0,,,*** not found,,,
187,147075.0,2,2228.0,9,11,None,66.0,,,Бойчука,,,
188,86860.0,2,905.0,10,10,2017,96.0,44.0,23.0,Центральна,вулиця,Дніпровський,29.0
188,86860.0,2,905.0,10,10,2017,96.0,44.0,23.0,Центральна,вулиця,Оболонський,29.0
188,86860.0,2,905.0,10,10,2017,96.0,44.0,23.0,Центральна,вулиця,Шевченківський,29.0
189,97000.0,2,1260.0,16,22,2018,77.0,,,Ясинуватський,провулок,Голосіївський,
190,55000.0,2,1222.0,13,16,1980,45.0,,11.0,Райдужна,вулиця,Дніпровський,
191,138000.0,2,1811.0,3,15,2014,,,,Ломоносова,вулиця,Голосіївський,
192,105000.0,2,1504.0,4,25,2014,,,,,,,
193,66016.1,1,1784.2,None,None,None,37.0,,,*** not found,,,
194,284000.0,2,2812.0,7,11,2004,101.0,,,Гусовського,вулиця,Печерський,
195,155000.0,3,1550.0,13,23,2006,100.0,,,Окіпної,,,
196,49899.0,1,1386.0,1,9,1978,36.0,18.0,7.0,Багговутівська,вулиця,Шевченківський,11.0
197,95000.0,2,1696.0,9,9,1966,56.0,34.0,8.0,Дружби Народів,бульвар,Печерський,14.0
198,380000.0,3,3585.0,9,21,2019,106.0,,,Маккейна,,,
199,46000.0,2,913.0,1,4,None,,30.0,12.0,Маланюка,,,
200,60150.0,1,1504.0,21,26,None,40.0,14.0,20.0,Михайла Котельникова,,,6.0
201,185000.0,3,1745.0,8,25,2016,106.0,,38.0,Героїв Севастополя,вулиця,Солом'янський,
202,81000.0,2,964.0,18,26,2020,84.0,37.0,17.0,Маланюка,,,30.0
203,620000.0,3,4769.0,4,15,2017,130.0,66.0,16.0,Саперне Поле,вулиця,Печерський,48.0
204,48700.0,1,991.0,19,25,None,,,,Балтійський,провулок,Оболонський,
205,234000.0,3,2000.0,7,15,None,117.0,76.0,12.0,Кудрявська,вулиця,Шевченківський,29.0
206,135000.0,2,2523.0,28,34,2018,,,,Перемоги,площа,Шевченківський,
206,135000.0,2,2523.0,28,34,2018,,,,Перемоги,проспект,"Шевченківський, Святошинський, Солом'янський",
206,135000.0,2,2523.0,28,34,2018,,,,Перемоги,вулиця,Святошинський,
207,130000.0,2,2600.0,1,5,1964,50.0,,12.0,Німанська,вулиця,Печерський,
208,54100.0,1,1339.0,4,26,2018,,,,Каховська,вулиця,Дніпровський,
209,239000.0,3,3025.0,3,7,1954,79.0,44.0,13.0,Малопідвальна,вулиця,Шевченківський,22.0
210,140000.0,2,2188.0,10,14,None,64.0,34.0,15.0,Невська,,,15.0
211,128000.0,2,2612.0,5,14,2015,49.0,14.0,17.0,Златоустівська,,,18.0
212,31000.0,1,1107.0,9,9,1986,28.0,13.0,6.0,,,,9.0
213,41187.0,1,936.0,3,13,None,44.0,19.0,11.0,Берковецька,вулиця,Святошинський,14.0
214,120000.0,3,1188.0,11,16,1998,101.0,,14.0,Бажана,,,
215,740000.0,1,2772.0,20,24,2019,267.0,150.0,75.0,Антоновича,вулиця,"Голосіївський, Печерський",42.0
216,180000.0,3,2400.0,3,8,1990,75.0,41.0,9.0,*** not found,,,25.0
217,63000.0,3,900.0,1,9,1973,70.0,41.0,8.0,Гречка,,,21.0
218,126000.0,2,1658.0,15,32,2020,76.0,41.0,14.0,Микільсько-Слобідська,вулиця,Дніпровський,21.0
219,80000.0,2,1067.0,6,26,None,75.0,27.0,21.0,Правди,проспект,Подільський,27.0
220,98000.0,1,1750.0,None,None,2018,56.0,22.0,19.0,Тимошенка,,,15.0
221,150000.0,2,1807.0,16,23,2003,83.0,,,Павла Тичини,,,
222,100000.0,3,1000.0,8,17,2003,100.0,64.0,14.0,Олевська,вулиця,Святошинський,22.0
223,120000.0,3,1237.0,2,21,2016,97.0,52.0,20.0,Освіти,вулиця,Солом'янський,25.0
224,41000.0,1,1464.0,9,9,1969,28.0,17.0,5.0,Іллєнка,,,6.0
225,135000.0,1,1552.0,15,22,2012,87.0,15.0,40.0,Дніпровська,вулиця,Оболонський,32.0
226,155000.0,3,1742.0,4,4,1917,89.0,,13.0,Івана Мазепи,,,
227,90000.0,3,1286.0,5,16,1974,70.0,46.0,7.0,Українки,,,17.0
228,132000.0,2,1347.0,1,6,2016,98.0,32.0,18.0,Данченка,,,48.0
229,230000.0,None,4600.0,None,None,None,50.0,,,Драгомирова,,,
230,185000.0,3,2011.0,18,25,2017,92.0,,,Тбіліський,,,
231,70500.0,2,1203.0,20,26,2020,,28.0,,Каховська,вулиця,Дніпровський,
232,87000.0,3,915.0,9,19,2019,,52.0,,Ушинського,провулок,Солом'янський,
232,87000.0,3,915.0,9,19,2019,,52.0,,Ушинського,вулиця,Солом'янський,
233,185000.0,3,1637.0,8,24,2007,113.0,,,Урлівська,вулиця,Дарницький,
234,49860.0,2,997.0,2,9,1974,50.0,30.0,6.0,Світлицького,вулиця,Подільський,14.0
235,100000.0,2,1408.0,15,23,2007,71.0,30.0,12.0,Дніпровська,вулиця,Оболонський,29.0
236,90000.0,1,1800.0,3,25,None,50.0,25.0,,Липківського,,,
237,152000.0,2,1949.0,14,30,2020,78.0,37.0,12.0,Микільсько-Слобідська,вулиця,Дніпровський,29.0
238,159900.0,3,1259.0,15,25,2007,127.0,77.0,,Лобановського,,,
239,280000.0,3,2137.0,8,9,2005,131.0,75.0,25.0,Героїв Сталінграда,проспект,Оболонський,31.0
240,85000.0,1,1545.0,6,25,2007,55.0,24.0,13.0,Дніпровська,вулиця,Оболонський,18.0
241,67000.0,2,1098.0,13,15,1994,61.0,31.0,9.0,Драгоманова,вулиця,Дарницький,21.0
242,59000.0,1,1224.0,16,25,2010,,,,Ахматової,,,
243,420000.0,2,4667.0,5,18,2017,90.0,,,Саперне Поле,вулиця,Печерський,
244,65000.0,2,1048.0,15,17,2018,62.0,34.0,12.0,Данченка,,,16.0
245,63000.0,3,1125.0,5,5,1965,56.0,42.0,6.0,Голосіївський,проспект,Голосіївський,8.0
245,63000.0,3,1125.0,5,5,1965,56.0,42.0,6.0,Голосіївський,провулок,Голосіївський,8.0
246,95000.0,1,2568.0,5,11,1967,37.0,22.0,7.0,*** not found,,,8.0
247,100000.0,2,1562.0,8,20,None,64.0,31.0,18.0,Глибочицька,вулиця,Шевченківський,15.0
248,165000.0,4,1213.0,11,12,2019,136.0,100.0,30.0,Багговутівська,вулиця,Шевченківський,6.0
249,150000.0,3,2239.0,3,5,1917,67.0,42.0,,Саксаганського,вулиця,"Голосіївський, Печерський, Шевченківський",
250,64000.0,2,914.0,7,25,None,70.0,36.0,10.0,Моторний,,,24.0
251,73860.0,2,1319.0,5,9,None,56.0,30.0,9.0,Йорданська,вулиця,Оболонський,17.0
252,295000.0,2,4275.0,5,15,2019,69.0,49.0,20.0,Саперне Поле,вулиця,Печерський,0.0
253,55000.0,1,965.0,10,25,2018,57.0,20.0,16.0,Вернадського,,,21.0
254,79900.0,3,1051.0,7,10,1997,76.0,40.0,12.0,Курбаса,,,24.0
255,100000.0,1,2273.0,3,11,2019,44.0,,10.0,Багговутівська,вулиця,Шевченківський,
256,122000.0,2,1679.0,4,9,None,,,,Набережно-Рибальська,дорога,Подільський,
257,145000.0,2,1933.0,4,4,1899,75.0,42.0,10.0,Саксаганського,вулиця,"Голосіївський, Печерський, Шевченківський",23.0
258,133000.0,3,1385.0,20,25,2015,96.0,50.0,16.0,Малиновського,,,30.0
259,143000.0,3,1486.0,4,9,2011,,40.0,30.0,Протасів Яр,вулиця,Солом'янський,
260,62000.0,2,1378.0,2,5,1968,45.0,30.0,7.0,Німанська,вулиця,Печерський,8.0
261,95000.0,3,1397.0,3,9,None,68.0,40.0,8.0,Підвисоцького,,,20.0
262,38000.0,1,1152.0,4,9,1970,33.0,17.0,8.0,Зодчих,вулиця,Святошинський,8.0
263,52500.0,2,1050.0,9,9,1973,50.0,30.0,,Рокосовського,,,
264,229000.0,2,3181.0,5,6,1935,72.0,42.0,10.0,Шовковична,вулиця,Печерський,20.0
265,62000.0,1,1550.0,7,26,2017,40.0,17.0,11.0,Крушельницької,,,12.0
266,70000.0,2,1006.0,23,25,None,,,,Новопольова,вулиця,Солом'янський,
267,45000.0,1,1125.0,11,26,None,40.0,17.0,10.0,Визволителів,проспект,Дніпровський,13.0
268,70000.0,3,875.0,5,6,None,80.0,54.0,8.0,Сонячна,вулиця,Шевченківський,18.0
268,70000.0,3,875.0,5,6,None,80.0,54.0,8.0,Сонячна,вулиця,Дніпровський,18.0
269,158000.0,2,2135.0,24,25,2014,74.0,38.0,15.0,Сікорського,,,21.0
270,58900.0,2,950.0,14,25,None,62.0,,12.0,Радченка,,,
271,104700.0,1,2380.0,14,19,2020,44.0,18.0,11.0,Бульварно-Кудрявська,вулиця,Шевченківський,15.0
272,37000.0,1,925.0,11,25,None,40.0,,10.0,Кайсарова,вулиця,"Голосіївський,Солом'янський",
273,85000.0,2,1328.0,4,24,None,64.0,30.0,20.0,Дніпровська,вулиця,Оболонський,14.0
274,46000.0,3,767.0,1,5,1965,60.0,40.0,8.0,Перова,бульвар,Дніпровський,12.0
275,150000.0,3,1500.0,4,25,2016,100.0,53.0,15.0,Глушкова,,,32.0
276,52500.0,2,1050.0,9,9,1973,50.0,30.0,,Рокосовського,,,
277,120000.0,2,1379.0,20,25,2013,87.0,40.0,20.0,Саперно-Слобідська,вулиця,Голосіївський,27.0
278,38000.0,1,1118.0,4,9,1979,34.0,18.0,7.0,Миколи Кибальчича,,,9.0
279,45000.0,3,750.0,9,9,1980,60.0,40.0,7.0,Миколи Ушакова,,,13.0
280,250000.0,3,1538.0,10,22,2001,,50.0,20.0,Антоновича,вулиця,"Голосіївський, Печерський",
281,185000.0,3,1745.0,18,25,2014,106.0,,,Богданівська,вулиця,Солом'янський,
282,68000.0,2,1030.0,10,26,2020,66.0,27.0,24.0,,,,15.0
283,57000.0,1,1295.0,9,25,2019,44.0,,16.0,Сверстюка,,,
284,52500.0,2,721.0,7,25,2021,,30.0,18.0,Ревуцького,вулиця,Дарницький,
285,250000.0,4,1923.0,7,22,2010,130.0,50.0,50.0,Ованеса Туманяна,,,30.0
286,540000.0,4,4000.0,4,14,2019,135.0,,,Саперне Поле,вулиця,Печерський,
287,120000.0,3,945.0,12,16,1997,127.0,,14.0,Григоренка,,,
288,55999.0,1,1400.0,13,14,2020,40.0,22.0,6.0,Гречка,,,12.0
289,68800.0,3,1110.0,2,12,1977,62.0,40.0,8.0,Богатирська,вулиця,Оболонський,14.0
290,120000.0,2,2400.0,19,22,2009,50.0,,,Білоруська,вулиця,Шевченківський,
291,94000.0,1,2043.0,1,9,None,46.0,,,Регенераторна,вулиця,Дніпровський,
292,65500.0,1,1770.0,20,27,2019,37.0,14.0,9.0,Вишняківська,вулиця,Дарницький,14.0
293,50000.0,2,1087.0,16,16,1982,46.0,26.0,8.0,Гонгадзе,,,12.0
294,52500.0,1,1117.0,15,25,2019,47.0,15.0,18.0,Правди,проспект,Подільський,14.0
295,64980.0,4,812.0,4,9,1969,80.0,56.0,7.0,Кольцова,бульвар,Святошинський,17.0
296,115000.0,2,1643.0,13,17,2014,70.0,32.0,12.0,Воскресенська,вулиця,Дніпровський,26.0
297,200000.0,2,2564.0,14,20,2005,78.0,38.0,19.0,Руставелі,,,21.0
298,484000.0,2,3569.0,2,24,2010,,,,Голосіївський,проспект,Голосіївський,
298,484000.0,2,3569.0,2,24,2010,,,,Голосіївський,провулок,Голосіївський,
299,79000.0,1,1775.0,5,18,2015,,,15.0,Комбінатна,вулиця,Дніпровський,
300,45000.0,2,1000.0,5,5,1960,45.0,31.0,6.0,Салютна,вулиця,Шевченківський,8.0
301,78000.0,1,1418.0,7,26,None,55.0,15.0,18.0,Маланюка,,,22.0
302,91999.0,3,1000.0,1,5,1958,92.0,48.0,27.0,Ромоданова,,,17.0
303,128000.0,1,2510.0,2,9,2015,51.0,15.0,25.0,Саперне Поле,вулиця,Печерський,11.0
304,38700.0,1,900.0,18,25,None,43.0,15.0,16.0,Сім’ї Кульженків,,,12.0
305,95000.0,2,1557.0,3,5,1960,61.0,,,Лабораторна,вулиця,"Голосіївський, Печерський",
306,77000.0,1,1426.0,16,24,2015,54.0,22.0,11.0,Драгоманова,вулиця,Дарницький,21.0
307,52990.0,1,1162.0,7,22,None,,19.0,20.0,,,,
308,330000.0,3,2357.0,2,9,2000,140.0,,,Кудрявська,вулиця,Шевченківський,
309,83000.0,2,1107.0,10,26,2019,75.0,30.0,27.0,Краківська,вулиця,Дніпровський,18.0
310,105000.0,2,1721.0,12,12,2008,61.0,27.0,26.0,Кольцова,бульвар,Святошинський,8.0
311,225000.0,2,4500.0,8,23,2019,50.0,,,Антоновича,вулиця,"Голосіївський, Печерський",
312,62000.0,2,954.0,3,19,2001,65.0,,,Лариси Руденко,,,
313,90000.0,4,811.0,1,14,2008,111.0,72.0,12.0,Івана Пулюя,,,27.0
314,215000.0,3,2389.0,2,5,1959,90.0,40.0,10.0,Українки,,,40.0
315,137000.0,3,1575.0,1,9,1970,87.0,59.0,13.0,Тютюнника,,,15.0
316,36000.0,1,1000.0,9,9,1980,36.0,19.0,7.0,Юрія Смолича,,,10.0
317,195000.0,4,1931.0,6,24,2014,101.0,70.0,15.0,Оболонський,проспект,Оболонський,16.0
318,60000.0,3,882.0,7,16,1975,68.0,44.0,8.0,Курбаса,,,16.0
319,87000.0,2,1338.0,16,17,2002,65.0,,13.0,Верховинця,,,
320,185000.0,2,2256.0,5,21,2015,82.0,61.0,12.0,Зарічна,вулиця,Дарницький,9.0
321,210000.0,2,2442.0,9,23,2012,86.0,42.0,21.0,Дніпровська,вулиця,Оболонський,23.0
322,135000.0,2,1776.0,11,25,2011,76.0,45.0,12.0,Коломийський,провулок,Голосіївський,19.0
323,84000.0,3,944.0,8,26,None,89.0,43.0,18.0,Правди,проспект,Подільський,28.0
324,160000.0,3,2000.0,21,25,2018,80.0,,,Каховська,вулиця,Дніпровський,
325,292000.0,3,2454.0,10,11,None,119.0,,17.0,Бойчука,,,
326,53000.0,1,1104.0,8,25,None,48.0,14.0,19.0,Правди,проспект,Подільський,15.0
327,115000.0,1,2738.0,6,24,2019,42.0,,,Маккейна,,,
328,90900.0,1,1748.0,14,36,None,52.0,,14.0,Перемоги,площа,Шевченківський,
328,90900.0,1,1748.0,14,36,None,52.0,,14.0,Перемоги,проспект,"Шевченківський, Святошинський, Солом'янський",
328,90900.0,1,1748.0,14,36,None,52.0,,14.0,Перемоги,вулиця,Святошинський,
329,2100000.0,3,7292.0,7,11,2007,288.0,150.0,35.0,Грушевського,,,103.0
330,980000.0,6,2761.0,7,7,2010,355.0,320.0,33.0,Срібнокільська,вулиця,Дарницький,2.0
331,91260.0,1,1738.0,29,36,None,,17.0,,Перемоги,площа,Шевченківський,
331,91260.0,1,1738.0,29,36,None,,17.0,,Перемоги,проспект,"Шевченківський, Святошинський, Солом'янський",
331,91260.0,1,1738.0,29,36,None,,17.0,,Перемоги,вулиця,Святошинський,
332,118000.0,2,1573.0,16,22,2010,75.0,32.0,12.0,Урлівська,вулиця,Дарницький,31.0
333,84100.0,2,1294.0,22,32,None,65.0,34.0,14.0,Заболотного,,,17.0
334,79700.0,1,2952.0,23,23,2012,27.0,15.0,5.0,Максимовича,вулиця,Святошинський,7.0
335,220000.0,4,1746.0,16,23,2004,126.0,80.0,,Бажана,,,
336,155000.0,2,2214.0,9,10,2014,70.0,,,Сікорського,,,
337,40000.0,1,1176.0,10,16,1973,34.0,,8.0,Курбаса,,,
338,68500.0,1,1593.0,11,27,None,43.0,14.0,16.0,Дніпровська,вулиця,Оболонський,13.0
339,720000.0,4,4500.0,None,None,None,160.0,,,Драгомирова,,,
340,64000.0,2,1231.0,3,12,1983,52.0,30.0,9.0,,,,13.0
341,44000.0,2,1023.0,5,5,1960,43.0,27.0,6.0,Антонова,,,10.0
342,63000.0,3,1086.0,7,9,None,58.0,40.0,7.0,Бучми,,,11.0
343,64500.0,3,935.0,7,9,1970,69.0,45.0,10.0,Кубанської України,вулиця,Деснянський,14.0
344,100000.0,2,1408.0,15,23,2007,71.0,30.0,12.0,Дніпровська,вулиця,Оболонський,29.0
345,249999.0,3,2500.0,17,25,2017,100.0,,,Панельна,,,
346,270000.0,4,1525.0,17,25,2005,177.0,112.0,18.0,Коновальця,,,47.0
347,52000.0,1,1238.0,4,4,None,42.0,17.0,14.0,Богатирська,вулиця,Оболонський,11.0
348,50000.0,1,1562.0,9,9,1977,32.0,17.0,7.0,Оболонський,проспект,Оболонський,8.0
349,465000.0,4,3019.0,18,25,2005,154.0,,,Українки,,,
350,125000.0,3,1623.0,3,24,2015,77.0,42.0,,Бориса Гмирі,,,
351,84000.0,2,1000.0,19,25,None,84.0,37.0,23.0,Правди,проспект,Подільський,24.0
352,69000.0,1,1643.0,8,10,2018,42.0,12.0,20.0,Центральна,вулиця,Дніпровський,10.0
352,69000.0,1,1643.0,8,10,2018,42.0,12.0,20.0,Центральна,вулиця,Оболонський,10.0
352,69000.0,1,1643.0,8,10,2018,42.0,12.0,20.0,Центральна,вулиця,Шевченківський,10.0
353,70000.0,2,1446.0,6,9,1968,,30.0,8.0,Преображенська,вулиця,Солом'янський,
354,260000.0,4,1781.0,24,24,2018,146.0,,,Коновальця,,,
355,124860.0,2,2230.0,5,5,1959,56.0,30.0,9.0,Українки,,,17.0
356,135000.0,4,1688.0,5,5,1959,80.0,55.0,15.0,*** not found,,,10.0
357,170000.0,3,2068.0,4,5,1910,,,,Велика Васильківська,вулиця,"Голосіївський, Шевченківський, Печерський",
358,84000.0,1,1680.0,12,26,2018,50.0,16.0,16.0,Липківського,,,18.0
359,612500.0,5,2300.0,10,11,None,,,38.0,Бойчука,,,
360,46500.0,2,1257.0,5,5,1962,37.0,22.0,7.0,Васильківська,вулиця,Голосіївський,8.0
361,129000.0,3,1162.0,21,25,2007,111.0,58.0,14.0,Данькевича,,,39.0
362,89332.9,3,1146.5,1,4,None,,,,Богатирська,вулиця,Оболонський,
363,99000.0,3,1375.0,9,10,1977,72.0,,,Українки,,,
364,117000.0,3,1603.0,9,16,None,73.0,29.0,11.0,Гречка,,,33.0
365,1035900.0,5,4504.0,4,8,2016,230.0,75.0,78.0,Редутна,вулиця,Печерський,77.0
366,132000.0,3,1650.0,22,24,2015,80.0,,,Бориса Гмирі,,,
367,340000.0,3,2833.0,2,18,2010,120.0,,20.0,Драгомирова,,,
368,31000.0,1,1192.0,2,5,1965,26.0,,6.0,Туполєва,,,
369,55000.0,3,859.0,1,9,1971,64.0,41.0,,Кондратюка,,,
370,43000.0,2,915.0,1,9,1971,47.0,30.0,7.0,Мінський,провулок,Подільський,10.0
370,43000.0,2,915.0,1,9,1971,47.0,30.0,7.0,Мінський,проспект,Оболонський,10.0
371,235000.0,4,1728.0,8,24,2007,136.0,81.0,17.0,Княжий Затон,вулиця,Дарницький,38.0
372,105900.0,1,1925.0,22,26,2016,55.0,,,Герцена,вулиця,Шевченківський,
372,105900.0,1,1925.0,22,26,2016,55.0,,,Герцена,узвіз,Шевченківський,
372,105900.0,1,1925.0,22,26,2016,55.0,,,Герцена,провулок,Шевченківський,
373,49700.0,1,1012.0,19,25,2020,,18.0,18.0,Балтійський,провулок,Оболонський,
374,110000.0,3,1000.0,10,17,2010,110.0,61.0,16.0,Ернста,,,33.0
375,275000.0,2,3929.0,6,25,2010,70.0,,25.0,Шаповала,,,
376,220000.0,2,3607.0,2,5,None,61.0,30.0,10.0,Городецького,,,21.0
377,30000.0,1,602.0,22,25,None,,,,Сім'ї Сосніних,,,
378,140000.0,1,2729.0,10,12,None,,,,Івана Мазепи,,,
379,132500.0,2,1636.0,15,22,2012,81.0,37.0,16.0,Червоноткацька,,,28.0
380,50000.0,1,1667.0,5,5,1962,30.0,16.0,5.0,*** not found,,,9.0
381,225000.0,3,2022.0,11,25,2008,,,,Голосіївська,площа,Голосіївський,
381,225000.0,3,2022.0,11,25,2008,,,,Голосіївська,вулиця,Голосіївський,
382,165000.0,2,2324.0,2,4,1895,71.0,47.0,8.0,*** not found,,,16.0
383,65000.0,2,970.0,24,25,2019,67.0,34.0,11.0,Миколи Гулака,,,22.0
384,230000.0,2,4107.0,3,25,2019,56.0,,,Івана Федорова,,,
385,205000.0,1,3796.0,13,14,2017,54.0,18.0,25.0,Саперне Поле,вулиця,Печерський,11.0
386,33071.4,1,718.9,24,25,None,46.0,25.0,12.0,Миколи Хвильового,,,9.0
387,777500.0,3,4494.0,3,13,2003,173.0,111.0,19.0,Паторжинського,вулиця,Шевченківський,43.0
388,128500.0,3,988.0,23,24,2014,130.0,90.0,15.0,Наумовича,,,25.0
389,80000.0,2,1404.0,25,25,2010,57.0,24.0,19.0,Калнишевського,,,14.0
390,100500.0,2,1378.0,16,26,None,,,,Дніпровська,вулиця,Оболонський,
391,149000.0,1,3170.0,3,9,None,47.0,,,Електриків,вулиця,Подільський,
391,149000.0,1,3170.0,3,9,None,47.0,,,Електриків,провулок,Подільський,
392,95000.0,1,2317.0,14,25,2018,41.0,,,Солом'янська,вулиця,Солом'янський,
392,95000.0,1,2317.0,14,25,2018,41.0,,,Солом'янська,площа,Солом'янський,
393,159000.0,2,2446.0,4,4,1898,65.0,15.0,30.0,Шевченка,вулиця,Деснянський,20.0
393,159000.0,2,2446.0,4,4,1898,65.0,15.0,30.0,Шевченка,вулиця,Солом'янський,20.0
393,159000.0,2,2446.0,4,4,1898,65.0,15.0,30.0,Шевченка,провулок,Солом'янський,20.0
393,159000.0,2,2446.0,4,4,1898,65.0,15.0,30.0,Шевченка,вулиця,Дарницький,20.0
393,159000.0,2,2446.0,4,4,1898,65.0,15.0,30.0,Шевченка,провулок,Дарницький,20.0
394,68000.0,2,1259.0,14,16,1982,54.0,,,Озерна,вулиця,Оболонський,
394,68000.0,2,1259.0,14,16,1982,54.0,,,Озерна,вулиця,Солом'янський,
394,68000.0,2,1259.0,14,16,1982,54.0,,,Озерна,вулиця,Дарницький,
394,68000.0,2,1259.0,14,16,1982,54.0,,,Озерна,вулиця,"Святошинський (СТ ""Нивки"")",
395,89400.0,3,1090.0,9,15,1998,82.0,42.0,14.0,Григоренка,,,26.0
396,330000.0,3,2674.0,4,24,2016,,56.0,,Антонова,,,
397,229000.0,3,1684.0,2,24,2013,136.0,72.0,20.0,Голосіївський,проспект,Голосіївський,44.0
397,229000.0,3,1684.0,2,24,2013,136.0,72.0,20.0,Голосіївський,провулок,Голосіївський,44.0
398,67000.0,1,1426.0,16,16,2016,47.0,,,Комарова,,,
399,66500.0,2,1279.0,9,10,1989,52.0,29.0,8.0,Борщагівська,вулиця,"Солом'янський, Шевченківський ",15.0
400,480000.0,4,3200.0,20,23,2009,150.0,84.0,16.0,Шевченка,вулиця,Деснянський,50.0
400,480000.0,4,3200.0,20,23,2009,150.0,84.0,16.0,Шевченка,вулиця,Солом'янський,50.0
400,480000.0,4,3200.0,20,23,2009,150.0,84.0,16.0,Шевченка,провулок,Солом'янський,50.0
400,480000.0,4,3200.0,20,23,2009,150.0,84.0,16.0,Шевченка,вулиця,Дарницький,50.0
400,480000.0,4,3200.0,20,23,2009,150.0,84.0,16.0,Шевченка,провулок,Дарницький,50.0
401,74000.0,1,1762.0,3,16,None,42.0,,,Максимовича,вулиця,Святошинський,
402,175000.0,3,1842.0,10,25,2011,95.0,52.0,11.0,Ковальський,провулок,Солом'янський,32.0
403,159000.0,2,2092.0,20,24,2016,76.0,37.0,,Малевича,,,
404,3200000.0,5,9143.0,5,5,None,350.0,,,Мічуріна,вулиця,Печерський,
404,3200000.0,5,9143.0,5,5,None,350.0,,,Мічуріна,провулок,Печерський,
404,3200000.0,5,9143.0,5,5,None,350.0,,,Мічуріна,вулиця,Солом'янський,
404,3200000.0,5,9143.0,5,5,None,350.0,,,Мічуріна,вулиця,Деснянський,
404,3200000.0,5,9143.0,5,5,None,350.0,,,Мічуріна,вулиця,Оболонський,
405,380000.0,3,1990.0,15,47,2012,191.0,,,*** not found,,,
406,63000.0,2,808.0,22,25,None,78.0,36.0,12.0,Балтійський,провулок,Оболонський,30.0
407,85000.0,3,1104.0,6,20,1998,77.0,45.0,9.0,Азербайджанська,вулиця,Дніпровський,23.0
408,130032.0,None,1548.0,15,25,2016,84.0,50.0,17.0,Зарічна,вулиця,Дарницький,17.0
409,95700.0,3,1113.0,25,25,2016,86.0,43.0,12.0,Чавдар,,,31.0
410,50000.0,1,1316.0,18,24,2019,38.0,17.0,10.0,Правди,проспект,Подільський,11.0
411,114900.0,3,1197.0,12,22,2006,96.0,47.0,14.0,Урлівська,вулиця,Дарницький,35.0
412,41500.0,1,1092.0,4,25,None,38.0,17.0,10.0,Бориспільська,вулиця,Дарницький,11.0
413,125000.0,3,1302.0,12,25,2016,96.0,46.0,14.0,Поправки,,,36.0
414,48000.0,2,923.0,7,16,None,52.0,,,Бориспільська,вулиця,Дарницький,
415,59899.0,2,1393.0,9,9,1967,43.0,28.0,7.0,Ентузіастів,вулиця,Дніпровський,8.0
416,83000.0,1,1566.0,10,10,2017,53.0,,,Малоземельна,вулиця,Дарницький,
417,335000.0,1,4926.0,22,32,2016,68.0,16.0,35.0,Саксаганського,вулиця,"Голосіївський, Печерський, Шевченківський",17.0
418,98500.0,3,1449.0,5,9,1980,68.0,43.0,10.0,Героїв Сталінграда,проспект,Оболонський,15.0
419,58000.0,3,841.0,9,9,1971,69.0,,,Зодчих,вулиця,Святошинський,
420,52000.0,1,1576.0,10,24,2010,33.0,15.0,7.0,Калнишевського,,,11.0
421,195000.0,2,None,None,None,None,,,,Філатова,,,
422,345000.0,4,2054.0,10,18,2005,168.0,89.0,13.0,Старонаводницька,вулиця,Печерський,66.0
423,89900.0,2,1138.0,2,34,None,79.0,32.0,20.0,Заболотного,,,27.0
424,58000.0,1,1286.0,24,25,None,,,,Правди,проспект,Подільський,
425,66500.0,3,1023.0,5,9,1978,65.0,42.0,8.0,*** not found,,,15.0
426,290000.0,1,6444.0,22,24,2019,45.0,12.0,18.0,Антоновича,вулиця,"Голосіївський, Печерський",15.0
427,380000.0,4,1767.0,3,25,2011,215.0,110.0,40.0,Шаповала,,,65.0
428,230000.0,2,4107.0,3,25,2019,56.0,,,Івана Федорова,,,
429,135000.0,2,1800.0,5,10,2001,75.0,27.0,34.0,Деревлянська,вулиця,Шевченківський,14.0
430,165000.0,3,1602.0,9,17,2011,103.0,60.0,25.0,Вільямса,,,18.0
431,107000.0,3,1189.0,12,14,2010,90.0,52.0,11.0,Васильченка,вулиця,Солом'янський,27.0
432,139990.0,1,3182.0,24,24,2017,44.0,20.0,15.0,Предславинська,вулиця,Печерський,9.0
433,31000.0,1,886.0,14,25,None,35.0,,,Крайня,вулиця,Деснянський,
434,58000.0,2,866.0,15,25,2009,67.0,32.0,12.0,Милославська,вулиця,Деснянський,23.0
435,145000.0,3,1593.0,3,25,2018,91.0,68.0,17.0,Воскресенська,вулиця,Дніпровський,6.0
436,67900.0,2,1235.0,22,26,None,55.0,25.0,15.0,Маланюка,,,15.0
437,230000.0,3,2035.0,12,24,2007,113.0,53.0,15.0,Дніпровська,вулиця,Оболонський,45.0
438,240000.0,3,2449.0,4,5,1895,98.0,57.0,11.0,Пушкінська,вулиця,Шевченківський,30.0
439,65280.0,1,1200.0,None,None,None,,,,Набережно-Корчуватська,вулиця,Голосіївський,
440,150000.0,2,2459.0,23,25,2015,61.0,33.0,9.0,Зарічна,вулиця,Дарницький,19.0
441,499990.0,3,3125.0,5,11,2005,160.0,,,Тургенєвська,вулиця,Шевченківський,
442,66624.0,3,833.1,13,26,None,,,,Радченка,,,
443,140000.0,3,1265.0,6,9,None,,,38.0,Зарічна,вулиця,Дарницький,
444,68900.0,1,1531.0,8,9,2016,45.0,25.0,11.0,Метрологічна,вулиця,Голосіївський,9.0
445,73860.0,2,1319.0,5,9,None,56.0,30.0,9.0,Йорданська,вулиця,Оболонський,17.0
446,49500.0,2,1053.0,5,9,1969,47.0,28.0,7.0,Кольцова,бульвар,Святошинський,12.0
447,138000.0,2,2300.0,13,14,2017,60.0,30.0,10.0,Максимовича,вулиця,Святошинський,20.0
448,55500.0,2,911.0,None,None,1971,,28.0,,Науки,проспект,Голосіївський,
449,206000.0,3,1943.0,18,20,2008,106.0,58.0,,Саперно-Слобідська,вулиця,Голосіївський,
450,110000.0,1,3333.0,3,10,1977,33.0,20.0,,Шовковична,вулиця,Печерський,
451,250000.0,3,2809.0,3,23,2019,89.0,,,Трускавецька,вулиця,Дарницький,
452,59157.0,2,873.0,11,17,None,,,,Гавела,,,
453,53000.0,1,1152.0,7,25,None,46.0,,,Повітрофлотський,проспект,"Шевченківський, Солом'янський",
454,58000.0,3,1000.0,9,9,1967,58.0,,8.0,Запорожця,,,
455,177000.0,2,2185.0,5,13,2019,81.0,55.0,15.0,Маккейна,,,11.0
456,86000.0,1,1654.0,8,36,None,52.0,19.0,14.0,Перемоги,площа,Шевченківський,19.0
456,86000.0,1,1654.0,8,36,None,52.0,19.0,14.0,Перемоги,проспект,"Шевченківський, Святошинський, Солом'янський",19.0
456,86000.0,1,1654.0,8,36,None,52.0,19.0,14.0,Перемоги,вулиця,Святошинський,19.0
457,70000.0,3,745.0,4,20,2014,94.0,45.0,14.0,Щербаківського,,,35.0
458,73000.0,1,1521.0,20,26,2018,48.0,10.0,23.0,Зарічна,вулиця,Дарницький,15.0
459,45000.0,1,1125.0,9,10,1994,40.0,18.0,9.0,Будищанська,вулиця,Деснянський,13.0
460,115000.0,1,2300.0,10,24,2019,50.0,17.0,21.0,Жилянська,вулиця,"Печерський, Голосіївський, Шевченківський",12.0
461,79000.0,1,1775.0,5,18,2015,,,15.0,Комбінатна,вулиця,Дніпровський,
462,88000.0,2,989.0,4,25,2014,89.0,60.0,15.0,Ревуцького,вулиця,Дарницький,14.0
463,29900.0,1,906.0,4,4,1960,33.0,19.0,6.0,Бородіна,,,8.0
464,189000.0,4,None,None,None,None,,,,Руставелі,,,
465,95000.0,2,1730.0,10,16,1993,,29.0,,Драгоманова,вулиця,Дарницький,
466,128000.0,2,1829.0,21,24,2014,70.0,30.0,19.0,Преображенська,вулиця,Солом'янський,21.0
467,68000.0,3,1172.0,1,3,None,58.0,35.0,6.0,Депутатська,вулиця,Святошинський,17.0
468,85000.0,2,1312.0,17,25,None,,38.0,14.0,Багговутівська,вулиця,Шевченківський,
469,160000.0,3,2078.0,3,5,None,77.0,,,*** not found,,,
470,135000.0,2,2596.0,24,25,2014,52.0,40.0,20.0,Сікорського,,,-8.0
471,800000.0,5,4000.0,None,None,None,200.0,,,Драгомирова,,,
472,250000.0,3,2336.0,10,24,2016,107.0,66.0,13.0,Коперніка,вулиця,Шевченківський,28.0
473,127000.0,2,1814.0,7,17,2002,70.0,36.0,15.0,Васильківська,вулиця,Голосіївський,19.0
474,98000.0,1,1661.0,16,24,None,59.0,18.0,,Глибочицька,вулиця,Шевченківський,
475,125000.0,3,1389.0,18,25,2016,90.0,,18.0,Чавдар,,,
476,229000.0,2,3181.0,5,6,1935,72.0,42.0,10.0,Шовковична,вулиця,Печерський,20.0
477,115000.0,2,1420.0,23,25,2007,81.0,41.0,16.0,Дніпровська,вулиця,Оболонський,24.0
478,90000.0,2,None,None,None,None,,,,Антоновича,вулиця,"Голосіївський, Печерський",
479,56000.0,2,1098.0,2,10,1987,51.0,30.0,8.0,,,,13.0
480,53000.0,2,1000.0,9,14,1990,53.0,29.0,8.0,Славгородська,вулиця,Дарницький,16.0
481,250000.0,3,3125.0,None,None,None,80.0,,,Драгомирова,,,
482,205000.0,3,1627.0,23,25,2010,126.0,74.0,14.0,Срібнокільська,вулиця,Дарницький,38.0
483,59950.0,3,517.0,10,16,2016,116.0,,17.0,Харченка,,,
484,250000.0,1,3571.0,4,14,2012,70.0,22.0,27.0,Окіпної,,,21.0
485,205000.0,1,3796.0,13,14,2017,54.0,18.0,25.0,Саперне Поле,вулиця,Печерський,11.0
486,38500.0,1,1196.0,4,5,1960,,,,Олени Теліги,,,
487,99999.0,2,1667.0,15,26,2013,60.0,39.0,16.0,Кондратюка,,,5.0
488,120000.0,3,1739.0,1,9,1977,69.0,,,Мечнікова,вулиця,Печерський,
489,150000.0,3,1829.0,5,12,1997,82.0,42.0,9.0,Героїв Сталінграда,проспект,Оболонський,31.0
490,285000.0,4,1900.0,8,9,None,150.0,,22.0,Рибальська,вулиця,Печерський,
491,72500.0,2,1394.0,4,4,2019,52.0,30.0,,Березова,вулиця,Солом'янський,
492,750000.0,3,5000.0,10,14,2017,150.0,95.0,18.0,Саперне Поле,вулиця,Печерський,37.0
493,493000.0,4,4287.0,12,24,2019,115.0,80.0,20.0,Антоновича,вулиця,"Голосіївський, Печерський",15.0
494,290000.0,3,3333.0,22,25,2019,87.0,55.0,15.0,Маккейна,,,17.0
495,247000.0,3,2100.0,13,17,2019,,63.0,15.0,Лейпцизька,вулиця,Печерський,
496,90000.0,2,1139.0,13,23,2015,79.0,34.0,18.0,Драгоманова,вулиця,Дарницький,27.0
497,80000.0,3,1250.0,9,9,1972,64.0,,,Коновальця,,,
498,103900.0,3,1071.0,21,25,None,97.0,51.0,16.0,Василя Стуса,,,30.0
499,265000.0,3,2944.0,13,17,2006,90.0,38.0,42.0,Тютюнника,,,10.0
500,105000.0,3,1641.0,1,5,1957,64.0,40.0,8.0,Січових Стрільців,вулиця,Шевченківський,16.0
501,78000.0,2,1696.0,5,11,2018,46.0,20.0,20.0,Райдужна,вулиця,Дніпровський,6.0
502,44900.0,1,1182.0,7,10,1988,38.0,17.0,8.0,Закревського,,,13.0
503,494000.0,6,1502.0,8,10,1996,329.0,193.0,47.0,Тургенєвська,вулиця,Шевченківський,89.0
504,46500.0,2,1257.0,5,5,1962,37.0,22.0,7.0,Васильківська,вулиця,Голосіївський,8.0
505,55000.0,2,1078.0,9,10,1982,51.0,31.0,8.0,Зої Космодем'янської,,,12.0
506,59280.0,2,874.0,5,26,None,,,,Радченка,,,
507,56000.0,1,1273.0,11,25,None,44.0,,,Сверстюка,,,
508,47500.0,1,1105.0,10,18,2006,43.0,20.0,10.0,Милославська,вулиця,Деснянський,13.0
509,100000.0,2,1099.0,8,9,1970,91.0,,,Метрологічна,вулиця,Голосіївський,
510,103000.0,1,2341.0,None,None,None,44.0,,,Деміївська,площа,Голосіївський,
510,103000.0,1,2341.0,None,None,None,44.0,,,Деміївська,вулиця,Голосіївський,
511,95000.0,3,1118.0,2,15,2019,85.0,47.0,13.0,Перемоги,площа,Шевченківський,25.0
511,95000.0,3,1118.0,2,15,2019,85.0,47.0,13.0,Перемоги,проспект,"Шевченківський, Святошинський, Солом'янський",25.0
511,95000.0,3,1118.0,2,15,2019,85.0,47.0,13.0,Перемоги,вулиця,Святошинський,25.0
512,76800.0,3,985.0,2,5,1958,78.0,78.0,9.0,Вишгородська,вулиця,"Подільський, Оболонський",-9.0
513,257500.0,2,4769.0,8,25,2015,54.0,,,Маккейна,,,
514,52500.0,1,1094.0,9,22,None,48.0,,21.0,,,,
515,302200.0,4,2001.0,5,22,2013,151.0,,,Перемоги,площа,Шевченківський,
515,302200.0,4,2001.0,5,22,2013,151.0,,,Перемоги,проспект,"Шевченківський, Святошинський, Солом'янський",
515,302200.0,4,2001.0,5,22,2013,151.0,,,Перемоги,вулиця,Святошинський,
516,63500.0,2,814.0,22,25,None,78.0,36.0,12.0,Балтійський,провулок,Оболонський,30.0
517,550000.0,4,3416.0,8,26,2009,161.0,67.0,40.0,Звіринецька,вулиця,Печерський,54.0
518,98700.0,2,1484.0,15,25,2019,,,19.0,Ревуцького,вулиця,Дарницький,
519,80000.0,1,2105.0,11,21,2017,38.0,12.0,15.0,Правди,проспект,Подільський,11.0
520,35000.0,1,946.0,8,9,1992,37.0,19.0,7.0,Милославська,вулиця,Деснянський,11.0
521,56000.0,2,851.0,14,24,None,,,,Вербицького,,,
522,36000.0,1,1333.0,4,5,1960,27.0,,,Новгородська,вулиця,Солом'янський,
523,87000.0,1,1839.0,2,25,2015,,25.0,10.0,Бажана,,,
524,220000.0,5,1222.0,5,6,None,180.0,72.0,12.0,Канівська,вулиця,Подільський,96.0
525,109000.0,3,1253.0,7,16,None,87.0,,,Максимовича,вулиця,Святошинський,
526,125000.0,2,1689.0,23,25,2016,74.0,,,Донця,,,
527,600000.0,3,4800.0,2,14,None,125.0,,,Драгомирова,,,
528,60000.0,1,1277.0,5,16,None,47.0,22.0,,Тираспольська,вулиця,Подільський,
529,15700000.0,3,157000.0,2,4,1917,100.0,76.0,12.0,Саксаганського,вулиця,"Голосіївський, Печерський, Шевченківський",12.0
530,45000.0,1,1214.9,5,16,1990,,,,Тираспольська,вулиця,Подільський,
531,160000.0,3,1356.0,11,25,2015,118.0,85.0,33.0,Зарічна,вулиця,Дарницький,0.0
532,65000.0,2,1413.0,11,16,1981,46.0,27.0,9.0,Гонгадзе,,,10.0
533,495000.0,3,4420.0,13,39,2017,112.0,,,Українки,,,
534,59000.0,2,1283.0,3,5,1965,46.0,,,Світлицького,вулиця,Подільський,
535,68000.0,2,1447.0,5,10,1970,47.0,35.0,7.0,Воробйова,,,5.0
536,81000.0,3,1012.0,17,25,2018,80.0,60.0,14.0,Каховська,вулиця,Дніпровський,6.0
537,67000.0,1,1675.0,9,23,None,40.0,,12.0,Глибочицька,вулиця,Шевченківський,
538,170000.0,3,1339.0,3,3,1954,127.0,86.0,30.0,Білокур,,,11.0
539,54500.0,1,996.0,23,25,None,,,12.0,Балтійський,провулок,Оболонський,
540,232000.0,3,1706.0,11,13,2014,136.0,70.0,,Антоновича,вулиця,"Голосіївський, Печерський",
541,75000.0,2,789.0,18,25,None,,,,Кондратюка,,,
542,99000.0,1,2152.0,3,4,1898,46.0,25.0,10.0,Гончара,,,11.0
543,55000.0,1,1310.0,6,25,2019,42.0,13.0,9.0,Ревуцького,вулиця,Дарницький,20.0
544,475000.0,3,5000.0,3,13,2017,95.0,66.0,13.0,*** not found,,,16.0
545,70000.0,1,1659.0,1,19,2006,,18.0,10.0,Драгоманова,вулиця,Дарницький,
546,79900.0,2,1211.0,24,25,2013,66.0,36.0,13.0,Сім’ї Кульженків,,,17.0
547,215767.9,3,2157.7,8,16,2000,100.0,57.0,12.0,Панельна,,,31.0
548,155000.0,3,1550.0,13,16,2012,100.0,55.0,16.0,Вільямса,,,29.0
549,100000.0,1,1667.0,13,25,2008,60.0,21.0,17.0,Голосіївська,площа,Голосіївський,22.0
549,100000.0,1,1667.0,13,25,2008,60.0,21.0,17.0,Голосіївська,вулиця,Голосіївський,22.0
550,1010000.0,4,5674.0,23,26,2017,178.0,92.0,22.0,Оболонський,проспект,Оболонський,64.0
551,45000.0,1,1500.0,1,9,1975,30.0,16.0,5.0,Миколи Голего,вулиця,Солом'янський,9.0
552,80000.0,1,1333.0,4,24,2012,60.0,,,Дніпровська,вулиця,Оболонський,
553,115000.0,2,1575.0,21,25,2015,73.0,37.0,15.0,Малиновського,,,21.0
554,620000.0,5,3605.0,14,17,2001,172.0,93.0,13.0,Назарівська,вулиця,Шевченківський,66.0
555,250500.0,6,1668.0,13,14,1978,,81.0,13.0,Гоголівська,вулиця,Шевченківський,
556,39000.0,1,1345.0,1,5,1963,29.0,16.0,5.0,Дорогожицька,вулиця,Шевченківський,8.0
557,30970.0,1,1106.0,12,13,2013,28.0,13.0,5.0,Петропавлівська,площа,Оболонський,10.0
557,30970.0,1,1106.0,12,13,2013,28.0,13.0,5.0,Петропавлівська,вулиця,Подільський,10.0
558,360000.0,5,2400.0,5,6,1936,150.0,120.0,15.0,Грушевського,,,15.0
559,250000.0,2,2976.0,15,23,2008,84.0,60.0,15.0,Іллєнка,,,9.0
560,95000.0,1,1863.0,22,25,2018,51.0,14.0,20.0,Липківського,,,17.0
561,63900.0,1,761.0,13,14,2013,84.0,44.0,18.0,Ушинського,провулок,Солом'янський,22.0
561,63900.0,1,761.0,13,14,2013,84.0,44.0,18.0,Ушинського,вулиця,Солом'янський,22.0
562,81000.0,2,1528.0,13,25,2020,53.0,,,Польова,вулиця,Солом'янський,
562,81000.0,2,1528.0,13,25,2020,53.0,,,Польова,вулиця,Деснянський,
562,81000.0,2,1528.0,13,25,2020,53.0,,,Польова,вулиця,Дарницький,
563,219000.0,1,3776.0,2,9,2019,58.0,20.0,20.0,Саперне Поле,вулиця,Печерський,18.0
564,162000.0,3,1604.0,19,26,2017,101.0,55.0,25.0,Панельна,,,21.0
565,199000.0,2,2073.0,10,25,2005,96.0,43.0,16.0,Коновальця,,,37.0
566,260000.0,3,2321.0,14,18,2013,112.0,60.0,17.0,Хмельницького,,,35.0
567,163000.0,1,3622.0,2,22,2015,45.0,22.0,12.0,Маккейна,,,11.0
568,499000.0,2,4990.0,22,25,2019,100.0,,,Антоновича,вулиця,"Голосіївський, Печерський",
569,310000.0,3,1925.0,3,18,2009,161.0,120.0,35.0,Толстого,провулок,Дарницький,6.0
570,99800.0,3,1535.0,6,8,1962,65.0,,,Дружби Народів,бульвар,Печерський,
571,130000.0,1,3023.0,9,26,None,43.0,,,Оболонський,проспект,Оболонський,
572,70000.0,2,1273.0,4,5,1938,55.0,39.0,8.0,Багговутівська,вулиця,Шевченківський,8.0
573,44500.0,2,1025.0,1,5,1961,,29.0,6.0,Антонова,,,
574,199000.0,2,2488.0,2,5,1937,80.0,40.0,,Володимирська,вулиця,"Голосіївський, Шевченківський",
575,120000.0,2,2500.0,9,9,1972,48.0,,,Українки,,,
576,68750.0,2,892.9,7,16,None,77.0,34.0,12.0,Сім’ї Кульженків,,,31.0
577,162000.0,3,1800.0,11,26,2005,90.0,48.0,23.0,Коновальця,,,19.0
578,209000.0,2,2580.0,2,10,2003,81.0,40.0,15.0,Мирного,,,26.0
579,275000.0,2,2926.0,15,16,2006,94.0,,48.0,Московська,вулиця,Печерський,
579,275000.0,2,2926.0,15,16,2006,94.0,,48.0,Московська,вулиця,Солом'янський,
580,38000.0,1,1056.0,8,9,1984,36.0,18.0,8.0,Жмеринська,вулиця,Святошинський,10.0
581,114000.0,3,1583.0,6,7,1959,72.0,51.0,9.0,Бойчука,,,12.0
582,161000.0,2,1809.0,17,25,2018,89.0,,,Липківського,,,
583,330000.0,3,3000.0,18,24,2018,110.0,60.0,40.0,Лабораторний,провулок,Печерський,10.0
584,1500000.0,5,5000.0,None,None,None,300.0,,,Інститутська,вулиця,Печерський,
585,99000.0,3,1375.0,9,10,1977,72.0,,,Українки,,,
586,295000.0,3,2757.0,6,6,1914,107.0,74.0,11.0,Хрещатик,вулиця,"Печерський, Шевченківський",22.0
587,62000.0,1,1512.0,2,25,None,41.0,14.0,14.0,Дніпровська,вулиця,Оболонський,13.0
588,108000.0,1,2160.0,2,25,2019,50.0,30.0,10.0,Осокорська,вулиця,Дарницький,10.0
589,255000.0,4,2024.0,16,25,2016,126.0,70.0,15.0,Саперне Поле,вулиця,Печерський,41.0
590,68000.0,3,907.0,5,15,1993,75.0,43.0,8.0,Комарова,,,24.0
591,164000.0,2,2702.0,30,30,None,,,12.0,Драгомирова,,,
592,139000.0,3,1252.0,23,36,2007,111.0,60.0,18.0,Срібнокільська,вулиця,Дарницький,33.0
593,115000.0,2,1337.0,11,25,2008,86.0,,,Чоколівський,бульвар,Солом'янський,
594,104000.0,1,1857.0,10,24,None,56.0,16.0,16.0,Звіринецька,вулиця,Печерський,24.0
595,85000.0,1,1518.0,7,14,None,56.0,20.0,14.0,Вишгородська,вулиця,"Подільський, Оболонський",22.0
596,190000.0,2,3585.0,3,20,2019,53.0,18.0,20.0,Драгомирова,,,15.0
597,229000.0,3,2140.0,7,25,2007,107.0,50.0,,Героїв Сталінграда,проспект,Оболонський,
598,65000.0,2,1161.0,3,4,1952,56.0,34.0,9.0,Будівельників,провулок,Дніпровський,13.0
598,65000.0,2,1161.0,3,4,1952,56.0,34.0,9.0,Будівельників,вулиця,Дніпровський,13.0
598,65000.0,2,1161.0,3,4,1952,56.0,34.0,9.0,Будівельників,вулиця,Деснянський,13.0
598,65000.0,2,1161.0,3,4,1952,56.0,34.0,9.0,Будівельників,провулок,Святошинський,13.0
599,250000.0,2,2976.0,15,23,2008,84.0,60.0,15.0,Іллєнка,,,9.0
600,105000.0,3,1117.0,6,22,2010,94.0,47.0,15.0,Урлівська,вулиця,Дарницький,32.0
601,57000.0,2,919.0,15,21,None,62.0,26.0,26.0,Сормовська,вулиця,Дарницький,10.0
602,65000.0,1,1182.0,5,18,None,55.0,,21.0,Правди,проспект,Подільський,
603,98000.0,2,1388.0,8,25,2006,,,,Верховинна,вулиця,Святошинський,
604,55000.0,2,1058.0,2,9,1986,52.0,29.0,8.0,Вербицького,,,15.0
605,55000.0,1,1618.0,5,33,None,34.0,,9.0,*** not found,,,
606,115000.0,2,2170.0,7,7,1961,53.0,35.0,,Велика Васильківська,вулиця,"Голосіївський, Шевченківський, Печерський",
607,158364.0,2,1760.0,4,11,None,90.0,45.0,20.0,Бойчука,,,25.0
608,80000.0,1,2000.0,11,25,2011,40.0,19.0,11.0,Лобановського,,,10.0
609,41000.0,2,909.0,2,3,1959,,,,Миколи Шепелєва,,,
610,435000.0,2,3625.0,2,10,1998,120.0,85.0,10.0,Кропивницького,вулиця,Печерський,25.0
611,100000.0,1,2000.0,3,23,2016,50.0,28.0,20.0,Трускавецька,вулиця,Дарницький,2.0
612,110000.0,1,1930.0,19,25,2008,57.0,,,Голосіївська,площа,Голосіївський,
612,110000.0,1,1930.0,19,25,2008,57.0,,,Голосіївська,вулиця,Голосіївський,
613,88107.1,2,1223.7,23,26,None,72.0,34.0,15.0,Маланюка,,,23.0
614,130000.0,1,2653.0,4,16,None,49.0,18.0,16.0,Драгомирова,,,15.0
615,125000.0,2,1866.0,4,9,2018,67.0,,,Юнацька,вулиця,Святошинський,
615,125000.0,2,1866.0,4,9,2018,67.0,,,Юнацька,вулиця,Солом'янський,
616,89000.0,2,1413.0,12,14,2013,63.0,,11.0,Максимовича,вулиця,Святошинський,
617,110000.0,3,1122.0,4,25,2010,98.0,59.0,14.0,Комарова,,,25.0
618,70000.0,2,1167.0,7,12,2019,60.0,26.0,,Багговутівська,вулиця,Шевченківський,
619,46000.0,1,1000.0,8,26,None,46.0,,,,,,
620,84000.0,2,1400.0,14,24,None,60.0,,10.0,Костанайська,вулиця,Голосіївський,
621,160000.0,3,1250.0,3,10,2010,128.0,69.0,18.0,Срібнокільська,вулиця,Дарницький,41.0
622,42000.0,2,913.0,9,9,1970,46.0,,,Курчатова,,,
623,61000.0,1,1743.0,8,9,1974,35.0,17.0,6.0,Гусовського,вулиця,Печерський,12.0
624,130000.0,3,1512.0,5,9,1972,86.0,43.0,9.0,Українки,,,34.0
625,120000.0,3,1091.0,3,16,2002,110.0,54.0,13.0,Драгоманова,вулиця,Дарницький,43.0
626,250000.0,2,2874.0,11,23,2012,87.0,56.0,31.0,Дніпровська,вулиця,Оболонський,0.0
627,125000.0,3,1322.0,19,34,None,,,,Заболотного,,,
628,79235.0,2,1152.0,14,34,None,,,,Заболотного,,,
629,113261.0,2,1421.0,9,36,1961,,,,Перемоги,площа,Шевченківський,
629,113261.0,2,1421.0,9,36,1961,,,,Перемоги,проспект,"Шевченківський, Святошинський, Солом'янський",
629,113261.0,2,1421.0,9,36,1961,,,,Перемоги,вулиця,Святошинський,
630,62000.0,1,1403.0,24,25,None,,,,Сверстюка,,,
631,131000.0,2,2620.0,15,25,2016,50.0,,21.0,Липківського,,,
632,300000.0,1,4000.0,18,24,2015,75.0,28.0,25.0,Маккейна,,,22.0
633,108000.0,3,1200.0,3,24,None,90.0,54.0,10.0,Дніпровська,вулиця,Оболонський,26.0
634,47000.0,1,1621.0,2,5,1964,29.0,15.0,5.0,Волгоградська,вулиця,Солом'янський,9.0
634,47000.0,1,1621.0,2,5,1964,29.0,15.0,5.0,Волгоградська,площа,Деснянський,9.0
635,57000.0,2,919.0,2,25,None,62.0,45.0,14.0,Новопольова,вулиця,Солом'янський,3.0
636,135482.1,2,1782.6,1,25,2015,76.0,,,Драгоманова,вулиця,Дарницький,
637,149000.0,4,1192.0,3,8,2019,125.0,72.0,17.0,Лебедєва,,,36.0
638,85000.0,2,1977.0,1,5,1962,43.0,27.0,4.0,*** not found,,,12.0
639,123900.0,2,1721.0,6,30,None,72.0,46.0,15.0,Драгомирова,,,11.0
640,150000.0,1,2727.0,3,17,2019,55.0,,,Лейпцизька,вулиця,Печерський,
641,285000.0,3,2568.0,4,22,2014,111.0,60.0,35.0,Глибочицька,вулиця,Шевченківський,16.0
642,115000.0,3,1106.0,5,9,2005,104.0,65.0,20.0,Салютна,вулиця,Шевченківський,19.0
643,45900.0,2,1020.0,1,5,1965,45.0,30.0,4.0,Метрологічна,вулиця,Голосіївський,11.0
644,60000.0,2,952.0,18,25,None,63.0,26.0,17.0,Північно-Сирецька,вулиця,Подільський,20.0
645,115000.0,2,1742.0,15,25,2018,66.0,30.0,18.0,Правди,проспект,Подільський,18.0
646,44000.0,1,1023.0,24,26,2018,43.0,28.0,12.0,Вернадського,,,3.0
647,85000.0,2,1700.0,4,25,2016,50.0,25.0,10.0,Пчілки,,,15.0
648,183693.7,2,2213.2,8,25,2019,83.0,44.0,15.0,Лейпцизька,вулиця,Печерський,24.0
649,200000.0,3,2083.0,2,5,1959,96.0,73.0,7.0,Басейна,вулиця,"Печерський, Шевченківський",16.0
650,138000.0,2,2060.0,13,25,2011,67.0,,,Шаповала,,,
651,39500.0,1,1013.0,20,25,None,39.0,,10.0,Бережанська,вулиця,Оболонський,
652,123500.0,2,1506.0,6,26,None,82.0,,18.0,Бойчука,,,
653,80000.0,2,1250.0,11,16,None,64.0,35.0,16.0,Перемоги,площа,Шевченківський,13.0
653,80000.0,2,1250.0,11,16,None,64.0,35.0,16.0,Перемоги,проспект,"Шевченківський, Святошинський, Солом'янський",13.0
653,80000.0,2,1250.0,11,16,None,64.0,35.0,16.0,Перемоги,вулиця,Святошинський,13.0
654,1976000.0,5,3800.0,17,25,2019,520.0,,20.0,Івана Федорова,,,
655,320000.0,2,3232.0,13,24,2019,99.0,47.0,13.0,Антоновича,вулиця,"Голосіївський, Печерський",39.0
656,110000.0,2,1735.0,1,12,2003,,,,Вільямса,,,
657,92000.0,2,1686.8,18,26,None,,,31.0,Бойчука,,,
658,101000.0,1,1772.0,33,36,None,57.0,,,Перемоги,площа,Шевченківський,
658,101000.0,1,1772.0,33,36,None,57.0,,,Перемоги,проспект,"Шевченківський, Святошинський, Солом'янський",
658,101000.0,1,1772.0,33,36,None,57.0,,,Перемоги,вулиця,Святошинський,
659,849000.0,None,None,None,None,2001,,,,Ковпака,вулиця,"Голосіївський, Печерський",
660,85000.0,2,1545.0,6,16,1973,55.0,22.0,7.0,Русанівський,бульвар,Дніпровський,26.0
661,330000.0,3,2481.0,7,21,2010,133.0,70.0,22.0,Українки,,,41.0
662,33900.0,1,1169.0,4,5,1969,29.0,16.0,7.0,Празька,вулиця,Дніпровський,6.0
663,165000.0,4,2062.0,4,4,None,80.0,56.0,11.0,Гончара,,,13.0
664,270000.0,2,3333.0,11,13,2019,81.0,32.0,20.0,Маккейна,,,29.0
665,40000.0,1,995.0,14,25,None,,,12.0,Балтійський,провулок,Оболонський,
666,104000.0,1,2122.0,13,26,2015,49.0,25.0,14.0,Білоруська,вулиця,Шевченківський,10.0
667,75000.0,1,1442.0,4,25,2016,52.0,18.0,14.0,Драгоманова,вулиця,Дарницький,20.0
668,115000.0,2,1613.0,4,25,None,,,,Липківського,,,
669,58000.0,1,1758.0,8,9,1972,33.0,19.0,,Новогоспітальна,вулиця,Печерський,
670,30540.0,1,1021.4,9,26,None,,,,Радченка,,,
671,259999.0,5,1625.0,5,6,1936,160.0,85.0,40.0,Богомольця,,,35.0
672,140000.0,3,1842.0,26,26,2016,76.0,49.0,10.0,Донця,,,17.0
673,160000.0,2,2078.0,3,26,None,77.0,36.0,13.0,Оболонський,проспект,Оболонський,28.0
674,200714.3,4,2007.1,2,2,None,100.0,80.0,20.0,Щекавицька,площа,Подільський,0.0
674,200714.3,4,2007.1,2,2,None,100.0,80.0,20.0,Щекавицька,вулиця,Подільський,0.0
675,65000.0,3,1048.0,3,9,1960,62.0,43.0,9.0,Пожарського,вулиця,Дніпровський,10.0
675,65000.0,3,1048.0,3,9,1960,62.0,43.0,9.0,Пожарського,вулиця,Деснянський,10.0
676,74000.0,3,1000.0,7,9,1975,74.0,48.0,8.0,Полкова,вулиця,Подільський,18.0
677,66500.0,3,1147.0,3,5,1961,58.0,42.0,7.0,Донця,,,9.0
678,67000.0,2,1218.0,3,16,1993,55.0,30.0,8.0,Палладіна,,,17.0
679,110000.0,2,1630.0,12,24,None,,,37.0,Бойчука,,,
680,127000.0,2,1512.0,14,24,2018,84.0,43.0,14.0,Липківського,,,27.0
681,180000.0,2,1915.0,4,10,2005,94.0,45.0,15.0,Павлівська,вулиця,Шевченківський,34.0
682,63000.0,3,875.0,3,9,1977,72.0,45.0,7.0,Івашкевича,,,20.0
683,42900.0,2,998.0,1,5,None,43.0,29.0,,Іскрівська,вулиця,Солом'янський,
684,95000.0,3,1234.0,16,25,2017,77.0,45.0,12.0,Максимовича,вулиця,Святошинський,20.0
685,255000.0,4,2318.0,3,4,1900,110.0,68.0,13.0,*** not found,,,29.0
686,100357.1,2,1593.0,6,30,None,63.0,35.0,8.0,Драгомирова,,,20.0
687,115000.0,1,2614.0,2,7,2019,44.0,14.0,21.0,Теремківська,вулиця,Голосіївський,9.0
688,113300.0,3,1218.0,15,21,None,93.0,55.0,11.0,Осокорська,вулиця,Дарницький,27.0
689,268000.0,4,1381.0,18,20,2010,194.0,93.0,35.0,Дмитрівська,вулиця,Шевченківський,66.0
689,268000.0,4,1381.0,18,20,2010,194.0,93.0,35.0,Дмитрівська,вулиця,Подільський,66.0
690,140000.0,3,1273.0,3,26,None,110.0,,,Кондратюка,,,
691,146000.0,3,1718.0,1,9,2015,85.0,40.0,17.0,Регенераторна,вулиця,Дніпровський,28.0
692,63000.0,3,900.0,23,23,None,70.0,34.0,14.0,,,,22.0
693,495000.0,3,3367.0,14,23,2014,147.0,50.0,40.0,Глибочицька,вулиця,Шевченківський,57.0
694,275000.0,3,2644.0,5,24,2008,104.0,70.0,14.0,Героїв Сталінграда,проспект,Оболонський,20.0
695,73500.0,2,1361.0,2,9,1966,54.0,32.0,8.0,Борщагівська,вулиця,"Солом'янський, Шевченківський ",14.0
696,57000.0,2,1056.0,7,26,None,54.0,28.0,9.0,Ревуцького,вулиця,Дарницький,17.0
697,121860.0,2,1741.0,2,9,2018,70.0,45.0,14.0,Юнацька,вулиця,Святошинський,11.0
697,121860.0,2,1741.0,2,9,2018,70.0,45.0,14.0,Юнацька,вулиця,Солом'янський,11.0
698,73000.0,2,1000.0,21,25,None,73.0,,,Заболотного,,,
699,39000.0,1,1147.0,3,5,1960,34.0,18.0,8.0,Автозаводська,вулиця,Оболонський,8.0
700,92284.0,2,1138.0,6,34,None,,,,Заболотного,,,
701,210000.0,2,1736.0,14,24,2008,121.0,60.0,30.0,Саксаганського,вулиця,"Голосіївський, Печерський, Шевченківський",31.0
702,139900.0,4,1260.0,6,9,None,111.0,,,Зарічна,вулиця,Дарницький,
703,145000.0,2,1686.0,17,23,2005,86.0,48.0,12.0,*** not found,,,26.0
704,140000.0,2,2188.0,10,14,None,64.0,34.0,15.0,Невська,,,15.0
705,76000.0,3,1086.0,6,9,1980,70.0,34.0,10.0,Героїв Сталінграда,проспект,Оболонський,26.0
706,65500.0,1,1770.0,20,27,2019,37.0,14.0,9.0,Вишняківська,вулиця,Дарницький,14.0
707,796000.0,4,4020.0,7,15,None,198.0,65.0,67.0,Драгомирова,,,66.0
708,97926.0,1,1900.0,9,30,None,,,,Драгомирова,,,
709,46000.0,1,1438.0,2,5,1963,32.0,19.0,6.0,Гавела,,,7.0
710,115000.0,3,1135.0,13,25,2004,,,,Здолбунівська,вулиця,Дарницький,
711,430000.0,3,3909.0,8,22,2014,110.0,62.0,14.0,Драгомирова,,,34.0
712,3210000.0,5,8025.0,10,10,1961,400.0,250.0,50.0,Мечнікова,вулиця,Печерський,100.0
713,475000.0,3,5000.0,3,13,2017,95.0,66.0,13.0,*** not found,,,16.0
714,127900.0,2,1776.0,13,24,2017,72.0,35.0,17.0,Максимовича,вулиця,Святошинський,20.0
715,75000.0,2,1250.0,4,5,1938,60.0,45.0,9.0,Багговутівська,вулиця,Шевченківський,6.0
716,90005.0,None,1915.0,8,15,None,47.0,17.0,20.0,Шолуденка,вулиця,Шевченківський,10.0
717,284999.0,2,3202.0,3,18,2005,89.0,50.0,16.0,Щекавицька,площа,Подільський,23.0
717,284999.0,2,3202.0,3,18,2005,89.0,50.0,16.0,Щекавицька,вулиця,Подільський,23.0
718,51000.0,3,850.0,2,9,1972,60.0,40.0,6.0,Коласа,,,14.0
719,320000.0,3,3107.0,8,24,2013,103.0,,16.0,*** not found,,,
720,43000.0,2,782.0,24,26,None,55.0,,11.0,*** not found,,,
721,91000.0,1,1750.0,33,35,None,52.0,20.0,22.0,Перемоги,площа,Шевченківський,10.0
721,91000.0,1,1750.0,33,35,None,52.0,20.0,22.0,Перемоги,проспект,"Шевченківський, Святошинський, Солом'янський",10.0
721,91000.0,1,1750.0,33,35,None,52.0,20.0,22.0,Перемоги,вулиця,Святошинський,10.0
722,185000.0,2,2256.0,6,9,None,82.0,35.0,24.0,*** not found,,,23.0
723,49990.0,3,757.0,8,9,1976,66.0,45.0,8.0,Наумова,,,13.0
724,89000.0,1,2342.0,7,15,None,38.0,20.0,7.0,Перемоги,площа,Шевченківський,11.0
724,89000.0,1,2342.0,7,15,None,38.0,20.0,7.0,Перемоги,проспект,"Шевченківський, Святошинський, Солом'янський",11.0
724,89000.0,1,2342.0,7,15,None,38.0,20.0,7.0,Перемоги,вулиця,Святошинський,11.0
725,170000.0,2,2656.0,5,7,1948,64.0,,9.0,Велика Васильківська,вулиця,"Голосіївський, Шевченківський, Печерський",
726,29256.6,1,978.5,1,5,None,,,,Червоноткацька,,,
727,46500.0,2,1011.0,5,5,1963,46.0,31.0,7.0,Вишгородська,вулиця,"Подільський, Оболонський",8.0
